Name,File-Id
normal_001.tif,0BzsdkU4jWx9BLVNUUzk4dUxHWHM
normal_002.tif,0BzsdkU4jWx9BRVZqeVotM2VOaGM
normal_003.tif,0BzsdkU4jWx9BWFJXUmgxVWJRTDg
normal_004.tif,0BzsdkU4jWx9BNkVXQW93MUlJZVE
normal_005.tif,0BzsdkU4jWx9BMHdTaGJPWXFrZlU
normal_006.tif,0BzsdkU4jWx9BR1hvWGotRi1ZbEE
normal_007.tif,0BzsdkU4jWx9BUF8yaE9XMWUxWDQ
normal_008.tif,0BzsdkU4jWx9BYTVyMHBmYkZDNzQ
normal_009.tif,0BzsdkU4jWx9BZVpPTFVoc3VRdjA
normal_010.tif,0BzsdkU4jWx9BbGRNS2NlNXpOSWs
normal_011.tif,0BzsdkU4jWx9BSHpRZWFDWUhNQUU
normal_012.tif,0BzsdkU4jWx9BanNianZBdEc2V2s
normal_013.tif,0BzsdkU4jWx9BdWpmMDVoYk9CcVU
normal_014.tif,0BzsdkU4jWx9BS21wT3pDQi1JNW8
normal_015.tif,0BzsdkU4jWx9BeHQxMUNyVFJYX3M
normal_016.tif,0BzsdkU4jWx9BZHFVTElQc19tNkE
normal_017.tif,0BzsdkU4jWx9BVDhCS3RpVS1pOHc
normal_018.tif,0BzsdkU4jWx9BbGFKOWVmeFlhbmc
normal_019.tif,0BzsdkU4jWx9BbjFqclBrcFJhNGc
normal_020.tif,0BzsdkU4jWx9BLVk2TWZmWG5ROE0
normal_021.tif,0BzsdkU4jWx9BU0ZFX2hmZ3ktU1U
normal_022.tif,0BzsdkU4jWx9BWXg0N1ZXNEgzNHc
normal_023.tif,0BzsdkU4jWx9BV3ZTaFl0d0FyOGM
normal_024.tif,0BzsdkU4jWx9BSjNTQ2JxTjN6ZEk
normal_025.tif,0BzsdkU4jWx9BY2N2dkszUWFkRTQ
normal_026.tif,0BzsdkU4jWx9BUlJuOXNoU2ZLblE
normal_027.tif,0BzsdkU4jWx9BMm5CWWE1SVJGUVk
normal_028.tif,0BzsdkU4jWx9BLUhBdVotTGFmWU0
normal_029.tif,0BzsdkU4jWx9BYm8tdXh2WVNpT1U
normal_030.tif,0BzsdkU4jWx9BamhHcndhRFF2Sm8
normal_031.tif,0BzsdkU4jWx9BYVkwZ2FRd0xTeUk
normal_032.tif,0BzsdkU4jWx9BNGd4aUpSV1QtY0E
normal_033.tif,0BzsdkU4jWx9BQlBuXzhfalFFQ1U
normal_034.tif,0BzsdkU4jWx9BeDROOWZudjZybWM
normal_035.tif,0BzsdkU4jWx9BaFF5NFB4X3FFWUU
normal_036.tif,0BzsdkU4jWx9BSU1nVHJKZUNlZWM
normal_037.tif,0BzsdkU4jWx9BVzFrcEI3eTRIYmM
normal_038.tif,0BzsdkU4jWx9BVmdmMTBYRmQ3cEE
normal_039.tif,0BzsdkU4jWx9BTVZVRlZjUkFiOFU
normal_040.tif,0BzsdkU4jWx9BM05yMFJZdk5iRUE
normal_041.tif,0BzsdkU4jWx9Ba2k4dXNFSlZtN2c
normal_042.tif,0BzsdkU4jWx9BVVp4bGkzZzlreWc
normal_043.tif,0BzsdkU4jWx9BUTRTbk1TczdreEk
normal_044.tif,0BzsdkU4jWx9BaTJNMW8wck9sVk0
normal_045.tif,0BzsdkU4jWx9BSHdXX1l5UjBvWHc
normal_046.tif,0BzsdkU4jWx9BUmVqRk1IX1VDRE0
normal_047.tif,0BzsdkU4jWx9Ba1BtMUR0NE5yQ0k
normal_048.tif,0BzsdkU4jWx9BLVVlWUd4bjE4OEE
normal_049.tif,0BzsdkU4jWx9BUWlneHpEakJsWWs
normal_050.tif,0BzsdkU4jWx9BZXBFR2RvTl9ieVk
normal_051.tif,0BzsdkU4jWx9BZ3hBVk5yQlFibEE
normal_052.tif,0BzsdkU4jWx9BV1dFamEtWkw4REE
normal_053.tif,0BzsdkU4jWx9BQlJYMWs3VVlSaEU
normal_054.tif,0BzsdkU4jWx9BUVpqNTNTSjFUZ2s
normal_055.tif,0BzsdkU4jWx9BY3MxbFBCRnJGZ2s
normal_056.tif,0BzsdkU4jWx9BbHo0NjRNdHByUkk
normal_057.tif,0BzsdkU4jWx9BblJYemNOcnpEcDQ
normal_058.tif,0BzsdkU4jWx9BNkxoN0FablFxZHc
normal_059.tif,0BzsdkU4jWx9BYmM3by1nM2dPSW8
normal_060.tif,0BzsdkU4jWx9BX1pLUEhpN0xyMWs
normal_061.tif,0BzsdkU4jWx9BenJZNUdRZHJ2QjA
normal_062.tif,0BzsdkU4jWx9BaHNHNnRhVGdEMGM
normal_063.tif,0BzsdkU4jWx9BM1k4ZWhPZk01VjQ
normal_064.tif,0BzsdkU4jWx9BalpXc2ltSDNDZDg
normal_065.tif,0BzsdkU4jWx9BY3Q5eWtkY1MzSkU
normal_066.tif,0BzsdkU4jWx9BU2t0YkVmQWVydTQ
normal_067.tif,0BzsdkU4jWx9Ba0RIUTB4N1B3UUU
normal_068.tif,0BzsdkU4jWx9Bd0xHVHV3MVRvcUU
normal_069.tif,0BzsdkU4jWx9BRXZGQk5QVkdUX00
normal_070.tif,0BzsdkU4jWx9BYjgyQXRyQ3J5bGs
normal_071.tif,0BzsdkU4jWx9BRnN3MWkxREJDMzA
normal_072.tif,0BzsdkU4jWx9BMjdrNEUwUUFxOG8
normal_073.tif,0BzsdkU4jWx9BbXdIQ0xfTWM3cjA
normal_074.tif,0BzsdkU4jWx9BWTZPZEtSS19tU28
normal_075.tif,0BzsdkU4jWx9BN1pqazBwLWhlSjQ
normal_076.tif,0BzsdkU4jWx9BV1lFU1kwSUF1R1k
normal_077.tif,0BzsdkU4jWx9BV2pHdG5uNDZESDQ
normal_078.tif,0BzsdkU4jWx9BQXlsUlVYV05TdjA
normal_079.tif,0BzsdkU4jWx9BUWVOdnQ1NXdYN1k
normal_080.tif,0BzsdkU4jWx9BeUdEWXUtWjRYMzA
normal_081.tif,0BzsdkU4jWx9BYXZFYnd1WkhvcHc
normal_082.tif,0BzsdkU4jWx9BY1dSY3FNNmxEeUU
normal_083.tif,0BzsdkU4jWx9BeUdPdTJyRXpaMGM
normal_084.tif,0BzsdkU4jWx9BWnI5VjhlN3IzbTA
normal_085.tif,0BzsdkU4jWx9BSHdrV3Q5ZERUelU
normal_087.tif,0BzsdkU4jWx9BUGJ6dk9mMFdzMEk
normal_088.tif,0BzsdkU4jWx9BVHJndkpFM09vUlE
normal_089.tif,0BzsdkU4jWx9BRklEYWtuQjdZWWc
normal_090.tif,0BzsdkU4jWx9BYWZRRGZDZk1uNmc
normal_091.tif,0BzsdkU4jWx9BazhjV2pMak9vYkk
normal_092.tif,0BzsdkU4jWx9BOUMtdTQwSk1RbHc
normal_093.tif,0BzsdkU4jWx9BQUYwVzcxUjRCMzg
normal_094.tif,0BzsdkU4jWx9BUEsyWEdMcnRRM00
normal_095.tif,0BzsdkU4jWx9BbkdEYTF6d1RiWFU
normal_096.tif,0BzsdkU4jWx9BRmtleEMxa2V3V0k
normal_097.tif,0BzsdkU4jWx9BZ1lsRy1PTXVBbGc
normal_098.tif,0BzsdkU4jWx9BaHVZd3NUdWNFN1E
normal_099.tif,0BzsdkU4jWx9BUDVIc1ltRmdMM00
normal_100.tif,0BzsdkU4jWx9BQW11dGNtYnE3LVU
normal_101.tif,0BzsdkU4jWx9BSzdsNERDcHJLLTA
normal_102.tif,0BzsdkU4jWx9BSlAwNGxrRW1CX3M
normal_103.tif,0BzsdkU4jWx9BQzBHa2NlN2l4TEE
normal_104.tif,0BzsdkU4jWx9BUDRtVEFmeHdJaDg
normal_105.tif,0BzsdkU4jWx9BcDZQTU1aYTZzQ1k
normal_106.tif,0BzsdkU4jWx9BVTM3dkE3YVhMYWs
normal_107.tif,0BzsdkU4jWx9BQnVYSFFiT0dmNnM
normal_108.tif,0BzsdkU4jWx9Ba2xDdHZ1N1JSeXc
normal_109.tif,0BzsdkU4jWx9BT2lvakZwOUk4OTA
normal_110.tif,0BzsdkU4jWx9Bd3EzdGpMZmw5N0E
normal_111.tif,0BzsdkU4jWx9BWlFqZDdSeGpFRlk
normal_112.tif,0BzsdkU4jWx9BSmRPMy1zU1l2UE0
normal_113.tif,0BzsdkU4jWx9BcFA4RHRaZTVWMWM
normal_114.tif,0BzsdkU4jWx9BSWFjdmRqRjhRZGM
normal_115.tif,0BzsdkU4jWx9BN21Ub1ZBWUVnM00
normal_116.tif,0BzsdkU4jWx9BdjF5eC1tSjFtUG8
normal_117.tif,0BzsdkU4jWx9Bc3FiR29TMG9vNE0
normal_118.tif,0BzsdkU4jWx9BakpCY2o1c21EVTA
normal_119.tif,0BzsdkU4jWx9BZDJ2UEk1dmpmbHc
normal_120.tif,0BzsdkU4jWx9BbkNRakotZG1Qd0U
normal_121.tif,0BzsdkU4jWx9Bd2dJd2lfc3JqdEU
normal_122.tif,0BzsdkU4jWx9BVmgxdFVQSVdxVmc
normal_123.tif,0BzsdkU4jWx9BYThGeWRWcjJ4QzA
normal_124.tif,0BzsdkU4jWx9BRUtLSTNYRzV4V1E
normal_125.tif,0BzsdkU4jWx9BcVBKS0NFMHRRZ0E
normal_126.tif,0BzsdkU4jWx9BOS1HUU8tOXpBYjQ
normal_127.tif,0BzsdkU4jWx9BRFVIOU1hc0tuOXc
normal_128.tif,0BzsdkU4jWx9BTHhVUHlFMVdKNjg
normal_129.tif,0BzsdkU4jWx9BRUlIc0VUS3RfUkU
normal_130.tif,0BzsdkU4jWx9BYzViN3ZwV25CT1E
normal_131.tif,0BzsdkU4jWx9BcENoU0NNT2FkRE0
normal_132.tif,0BzsdkU4jWx9BOHFIcFdsZ3NCdVU
normal_133.tif,0BzsdkU4jWx9BblR0czlacU1aMTg
normal_134.tif,0BzsdkU4jWx9Bc2xST25FdlZQc0E
normal_135.tif,0BzsdkU4jWx9BYVJpaWhlelNsVms
normal_136.tif,0BzsdkU4jWx9BRUxHODQwbVJEenM
normal_137.tif,0BzsdkU4jWx9BSWVMU2VSa0w1WU0
normal_138.tif,0BzsdkU4jWx9BMVExQTVSNEdPcGM
normal_139.tif,0BzsdkU4jWx9BZDFBT3Ytb0FfeG8
normal_140.tif,0BzsdkU4jWx9Bei1jb3R2aXU0bEk
normal_141.tif,0BzsdkU4jWx9BRUtodEJTNVR4cnc
normal_142.tif,0BzsdkU4jWx9BQlRfWG9wNzlBbnM
normal_143.tif,0BzsdkU4jWx9BVjFGY1FRNkZBa2s
normal_144.tif,0BzsdkU4jWx9BNGMwRnlRWmU4Z2c
normal_145.tif,0BzsdkU4jWx9BekFLdTNZOXN0MDg
normal_146.tif,0BzsdkU4jWx9BZ0tkWm9vWGNmbjQ
normal_147.tif,0BzsdkU4jWx9Bbmo0Y25CTTFEdlU
normal_148.tif,0BzsdkU4jWx9BXzV5LUJMXzluR2s
normal_149.tif,0BzsdkU4jWx9BRlFfUV9oX1J6VUE
normal_150.tif,0BzsdkU4jWx9BMGlnRmJBc3dldHM
normal_151.tif,0BzsdkU4jWx9BbmVoeExlZ2NNc00
normal_152.tif,0BzsdkU4jWx9BS2pXNXc3dHZjODA
normal_153.tif,0BzsdkU4jWx9BMEdtdWxodDE2RlE
normal_154.tif,0BzsdkU4jWx9BQVJEZkRVN3ZJQXc
normal_155.tif,0BzsdkU4jWx9BcDZDTjlTZkNDcWc
normal_156.tif,0BzsdkU4jWx9Ba1ZCZVc1b3pIUHc
normal_157.tif,0BzsdkU4jWx9Bd2VQVjU5dmstM28
normal_158.tif,0BzsdkU4jWx9BdVNmX1pHS3V2VmM
normal_159.tif,0BzsdkU4jWx9BdUpfcE4wWWRHT0k
normal_160.tif,0BzsdkU4jWx9BR0tZcXNyUDhJMXc
